,Site1,Site2,Site3,Site4,Site5,Site6,Site7
0,24.204638728970938,28.169813948425162,24.423001337536988,22.53730825147986,24.571860862014958,22.704799247931895,19.691467142450872
1,26.35994505347502,28.547024448948946,25.138160546600595,22.502941990375888,26.393830937466344,20.354749565860274,19.46327504700983
2,26.644557784950297,26.923365308882833,25.77868888356341,27.125131684268165,27.809269765473683,27.337827874373794,24.188048492776115
3,23.128389048958855,25.778738776148238,22.39579149205394,26.146320593069216,24.33636701637193,21.004068412783486,23.6239910754583
4,20.79999857104696,29.466528432933682,23.72963512619236,18.876642356803462,21.23346410477784,19.335321897731337,21.81807925398873
5,22.912099329102666,25.55984290509888,25.937084355973568,21.234108622685344,24.467450825308486,17.99419511645044,17.534609348371582
6,20.182477207276172,25.184334645877698,22.298405284284843,21.43894007537582,21.382885575982385,19.41771739932374,20.25804767658193
7,23.721330131808,26.270999135083454,25.786092463875864,16.95839700233748,19.540841969804905,13.358840140105313,14.73671192031052
8,21.85504194052764,25.63863601199478,24.604805862992617,20.843252062851313,24.212746193321863,16.006485994398925,19.365620453668804
9,19.366552899837963,25.484194668242687,30.85729861619272,26.11076939374505,29.955368617328013,18.12330457970866,13.94890979810091
10,20.313789265750824,26.312808659577858,25.890020565632796,19.9832312507818,23.035178855153024,18.384807221060424,17.631161882681848
11,22.133726602931855,25.369278028092694,25.157917739749443,22.117413453857775,23.733007181747723,20.295961089723136,22.805792480566573
12,19.92891645880985,29.622281921253503,25.859696528682534,21.476754368903656,26.487492008283624,18.078174133468238,19.395791940521534
13,25.59076170982194,30.586021578492357,27.026114498552854,27.039088998871406,28.715901789001084,21.75028537488391,21.700028530447195
14,26.12362512916017,34.776259373313856,32.0524265054752,29.216377045531615,32.179585654400356,22.050070496233996,24.200890194830077
15,27.99796867433223,28.229891173482528,22.87358749737347,27.954630950086887,29.6059806570677,22.132639469545627,21.890047157453903
16,28.005391234942998,31.584243823287725,28.33407857843429,27.214261377691905,26.738612963693953,24.86645202990478,27.058772650165295
17,31.3023211421915,32.84194723046867,25.05741871959059,27.748776031065262,25.206494729643698,22.301512307962938,23.323555579904387
18,28.349937066361655,27.34906079232379,28.188423685777273,31.012934004307876,31.62665813132263,25.193532285092534,21.96478016431457
19,25.445858700385806,27.902278489200285,27.578385878558354,27.24852986860025,29.776880733586285,21.142666890017026,21.93847249822912
20,25.722972914411656,31.747179579014926,26.984886323438328,27.019638216181455,25.704307213642878,23.798849215875965,23.224252622827045
21,31.223028412090684,30.856662433833566,28.983485353252846,32.18106818198136,32.88080885900197,25.341342426951257,19.69705574163024
22,32.80041785133571,37.126894176893146,28.489216431641097,28.504428554563628,26.732372559626402,23.797778691858333,23.23609375279952
23,31.778153762538746,38.66415868303184,32.636223441990886,24.399840593741594,28.163748489858378,16.801827427065454,15.324196422651335
24,28.410669748451117,34.85192355762687,30.442303280139626,26.479966954074712,30.955367491851156,18.973177292049836,16.69421205088758
25,27.398753953824656,31.809704258291994,27.439728337252575,24.10144224361319,27.032130201340443,23.88127179053355,24.448211543314713
26,27.989841895468672,30.0588423374332,27.932750518979606,30.54343939193635,32.773031019761085,27.76554035530773,27.241540911303503
27,31.597037132547026,32.45504282850355,32.91215150298679,31.43250554583406,38.39840791838467,23.888537467441015,23.503056352076616
28,33.96196833060312,35.93706569360757,29.954444567264698,30.809126535636953,32.491845411152354,25.399556262528154,25.74469641175311
29,33.99557666651484,35.87941832799907,28.997716546115985,26.712765547996376,31.10764267650136,22.890510214691346,20.209077388364094
30,31.413677030165623,30.450478976345988,29.399525022618235,28.847432113717776,32.314035684547704,22.49479930018393,20.594477374610246
31,33.657037698922146,31.768423352966913,24.75314885692997,22.949032184870504,26.63658479109763,19.320907411977892,22.40942887863648
32,33.24271754668817,33.39442404553989,28.02287229310292,28.80058825788112,32.019148862655435,28.78176394100187,27.688535260805846
33,31.309729343377523,30.28699992662785,29.68530631848394,25.8638895437893,34.25041911179093,25.92249984515811,26.160833693817093
34,28.57448814745225,32.223979966616305,33.802363263863995,29.29932105584246,32.649805868063325,24.123408338974176,27.29831783380719
35,30.896063258753355,33.0970633071207,29.50162249587112,29.825103127324738,34.85386017358766,27.094421748560883,26.914364681749824
36,32.06016744428444,32.75587279150616,31.677833310095917,29.107239918389148,32.6902997997877,22.43251905654428,20.812896560119206
37,29.052289571277054,31.72089991717693,32.40591126459629,30.765699372659952,37.09031853312788,26.980138365512918,26.512907347177148
38,28.899416418559962,32.37692104811011,29.925531655910294,31.313224611265376,36.82238519192127,25.30610181359429,26.3233960997099
39,31.686684131070297,31.18715200028513,30.060097303383586,23.004631263194707,24.09819861640192,19.16502623704613,17.136344706176075
40,34.09751544549186,36.100521042715656,34.58380063298743,29.20910197752292,35.25393419968267,25.321852154918602,25.915226335110408
41,33.19732232173754,32.04965935163049,31.201429625365986,34.582337392888235,36.97349286087715,33.9572737896054,32.7409636795661
42,34.56112350925852,35.78345110367206,32.733823942351876,31.588641516989757,36.526622929948864,29.790801841060496,29.895445325705087
43,33.63967316527713,35.89424841113127,34.21657903706915,35.91887105996265,38.50530996715475,33.280669057110146,35.14382749818554
44,32.00629108298693,32.89113116023832,36.62480398127295,36.48057297917467,44.40159283429168,31.679955801035387,30.11360706834481
45,36.257023088254535,33.72696726656579,31.35645247260389,28.26309960983677,33.12278407682543,27.427200724017673,27.71742084361787
46,35.163828473146786,39.02174558997699,31.797392361638718,30.15663691277409,36.402934399425675,24.316046784422465,23.670587036798782
47,40.664942861006075,43.68109679636414,34.010173804645895,34.36813521595582,34.81083806326223,26.333092733078068,29.808500346191334
48,32.400273224156614,36.31937301985754,38.249281997618375,32.8590295657069,38.69436896155994,26.426514706929396,28.372431384473675
49,35.35142248277367,35.68674858948191,31.1277597098724,32.15237807690125,36.35592538592116,32.81947922431975,34.39228776759245
50,36.77812178909267,37.20006762837341,35.23124739962145,27.581292631459863,34.2885985018668,21.738202238353466,25.993441311650564
51,40.52295785518788,42.29342493684909,36.3134843396897,28.752186931315904,32.478051571621236,19.05356355121005,21.002498412225997
52,43.97671972633803,43.84724732776532,41.74715403340554,29.090118790101602,34.59297824703736,23.44012087568378,21.828183830390778
53,30.816736940608536,33.04328074914273,35.23094586045374,34.23079353772305,36.1741732916363,33.81005760946815,30.31670372730005
54,38.78374943910858,39.925085241681764,36.908758888191656,37.40969668711873,38.25587202712226,30.32259855655881,32.818251771435555
55,30.780808748670367,35.549485479945965,33.96179223120529,30.72797770581215,36.69590281246971,27.009623807491696,30.50487546642704
56,35.81397849536779,39.860991424365416,38.110492903311204,35.25229102247587,37.83247939711767,32.196619458501466,32.800120502827426
57,38.52300477059851,39.11284594463677,40.774051264935096,37.446741000460314,39.74889139614113,31.469026860638,32.90213424519584
58,39.63190831332193,41.92563610992947,41.25194392187274,33.49731108445704,42.90952655296957,27.917178311729298,28.676557109713613
59,40.88852691566833,40.79662184408029,40.16925361517189,39.84014490714388,40.74711027381778,31.689993529328607,28.88252913671747
60,46.84365315126004,44.82787075643406,40.47764129189787,38.9173746402412,45.44224081060362,33.303345037198085,31.595183978996968
61,35.993658158996105,34.7088358282953,36.71723561520151,34.80274817533172,35.18792892929808,34.45607480869262,31.901891098595808
62,45.46108201772393,41.88683776425345,30.994387979474965,27.04194683984289,35.51329570112517,26.50507092153416,29.458097917022563
63,58.5052981845804,52.20278134884727,40.13600364870535,34.275099580048234,38.0980020998477,29.549485201381543,27.836790156593526
64,46.97114902788733,44.464690137231365,41.729870069292105,36.910367101338274,35.89957430883486,29.22412246567703,27.672675341490844
65,44.084516507121485,35.8297274836909,35.87451237608983,37.92690857865077,37.42203759670081,36.91455410208222,36.2226313173899
66,50.20596144770946,44.045694575822814,38.4456785261144,26.156554275277845,32.841598433490816,22.015058041158,23.224430231020857
67,44.521281064976854,43.79655695371498,49.87839675873937,38.095267435732744,42.820648483594404,22.893433374368875,24.930469106875798
68,52.96825869329668,45.473953141697855,40.20109910189023,34.72443634611734,34.62842954696168,26.428164482023515,25.167491423571715
69,42.16235179504209,40.18037276526383,40.07588293336641,32.71115262754008,37.54561098924287,33.534896983093105,31.20376100728885
70,48.414245333602196,40.486153676974006,47.52325335384072,41.832349896807,43.21029394330322,31.93690518645927,31.368102687638316
71,43.96932504472736,40.02849086588202,41.745690770292555,41.12904086327972,40.8863138864611,32.793350919897705,37.700775995550366
72,46.128459507722084,45.95848201366098,44.5237943938095,36.65910925753046,43.81934091116489,28.780041996726368,31.63338813483135
73,49.91453571522695,44.8082961068595,44.003286599475224,43.755786644612954,51.893396926348494,35.62369209295035,35.0943432747913
74,51.26057684246463,48.14761941847869,40.96127032535328,36.90777169588481,43.48208990300873,29.09599277487461,34.15440837172007
75,44.60099007371423,42.25626831081461,45.349348303537454,39.59685970292762,37.42243926517291,32.60233203826581,30.47927850560479
76,52.40346621381283,46.883286853869606,33.9653863350454,33.29499272496625,36.28670986585707,29.802613347378337,31.07481331668248
77,57.03685119191704,49.98352453114481,38.22007384869894,35.799145025482886,37.43027517338813,24.83493516310352,23.746949801793257
78,51.09312680020887,51.444651768240746,42.49637148432009,33.58402015674849,30.302059968479586,28.75488562352878,32.191890567864036
79,51.71244475623509,40.04283537524396,37.03988350263657,30.636816931049914,35.13277043192328,26.84186974775706,31.148387730703206
80,56.13310915335283,52.91237530630765,48.30013828022534,32.98168386645331,34.351065047373545,31.006403847520847,31.560236522138634
81,50.50156638384815,53.27040737803891,40.12259904204722,35.93022871714939,35.441325660245205,35.59428856182158,35.89121583185626
82,53.58888102852018,49.40033092556725,43.47319716279854,26.82178581551447,34.81395047486951,22.77498653249998,26.65135080170526
83,53.197653482085094,49.50324377250445,45.75610835238893,27.321806911126664,28.088355942553054,18.12483572032831,19.48778478089972
84,50.63351498321597,43.829597818014356,39.33765649264498,28.941529630158342,38.171190138055096,23.552037809922098,23.42190865407856
85,49.889437118492324,40.559979099545345,43.23606282825587,31.98426693791113,39.38000150245469,31.244504434113423,30.27342657439946
86,60.24699514498628,49.4473029216177,45.98102722742163,35.01587760653095,44.23392157860551,29.696084667099726,25.516510942263768
87,52.70808055380756,44.76489783177092,45.27782185083063,40.98869497800583,45.86728896016806,33.19105687614595,36.76212891308421
88,43.020865672627075,38.66652035029787,42.1502231772133,35.735447899187655,40.67413794210436,35.334876961564326,35.54843187665088
89,49.677938408870745,41.73203922514318,45.52488927193807,34.141264859729816,38.040139246444525,31.599129840340012,33.36215400053713
90,39.450099512619175,31.019556922475,34.12415231995595,26.630781957476703,33.71216414820555,20.716406780348972,25.592074424191043
91,47.897528518935324,41.13780397098945,34.526761377549185,24.975395111989723,34.32232815367992,31.287935836179553,32.96009900200881
92,58.64777902018114,45.00200177769873,32.81296663752846,14.289524480852714,26.197657393150422,10.4701285994437,11.721451754037215
93,57.28456327745625,48.65826606035198,37.94063085781375,19.99263250133242,26.624880761339675,15.698999968150838,15.740094225328585
94,58.845395988131486,46.20696844993549,39.92336317524142,33.078987739785646,38.265839648438394,32.33937133485024,36.346712588623475
95,61.25848890289955,53.224260643056375,35.92974092896054,25.149934702808984,32.89166136306012,21.88451238509402,19.35609167391209
96,58.23441504433229,52.428007550036334,41.800354384462665,24.92960343090564,37.09621674181284,14.188084143627947,10.164649750756569
97,54.92588388911006,45.03501558663979,43.313058499205006,28.368353339984722,37.10585800412412,22.166107684681332,19.82341809297501
98,56.426455065175084,39.235029620650636,34.77784878657998,26.19247814205869,35.27906937075674,23.111792622430265,24.45491142672344
99,57.44851049611489,55.054024230749924,45.60927288270323,27.16747844185928,35.13589561972201,23.86625308999206,21.79471773159726
100,56.0304858179902,46.45583362961235,40.7239240578148,23.231010452984318,34.23378642348651,19.117451817645573,17.87672012236398
101,65.15140506713743,49.64635155107909,36.11623926066131,24.31454567172133,41.59685583871294,18.989189263601777,20.128776239227484
102,53.51689585749741,45.42492477337378,43.39144540497969,20.870154511486806,35.27008603618652,16.6598219978486,14.385456471342472
103,40.03701792091913,40.02823873217506,39.76324051180939,23.341362354317617,34.77697831260726,17.399329795521815,16.421082654793363
104,63.14610932327238,55.98362521011538,47.88445346061937,35.32717608143749,37.99395911194304,28.622104713354364,27.659189594057164
105,60.581964464131836,53.267153803571425,59.533135083656475,35.05237554796473,47.15218663952806,23.192854752176494,30.86610165789576
106,61.56325219281024,46.53772180954094,58.38423913656457,33.36759177705217,41.7028729106281,24.791971675434684,24.721146512427147
107,62.57174971360656,55.14503264020149,52.960513849680716,34.99710730268369,50.23585475755561,25.970817434617306,15.524729623696802
108,60.49600766349976,54.08027938372934,53.40524508260714,41.40457388045701,52.949853930131134,37.19409024144681,32.67451432266779
109,58.47979516322995,50.31090518521363,47.26182853000929,31.488891531600288,40.01810747926771,29.36882565843509,34.11547114661551
110,61.28335485812332,48.48763620301113,39.27446843264294,25.178319176536693,37.6181019974279,23.954266945345847,25.228046925330275
111,44.65362907859661,30.8080544320619,44.30522331383613,24.987713078408934,35.37635575729454,19.51904736120308,23.961423432026923
112,53.03455358851749,36.69395153912366,29.25426476981129,22.661824357765692,32.27787001784487,17.91508537518033,18.416326198964516
113,43.86292318880112,32.114101438810685,29.795645932846554,21.769791567419492,35.50212334807909,19.973785767572686,22.219937346146292
114,49.30021903940522,30.34032366340214,31.98217698795517,27.245976471561605,38.46152934499037,24.29255588080888,22.82735594753706
115,53.50356476285792,35.47197585731901,29.87297203530681,24.904916473571156,32.943943371868656,28.332146375137594,36.987277896896146
116,54.39921653439096,46.237931476464446,46.141047862926655,27.438701135440066,41.70400717357187,16.72636760726408,13.819793072096108
117,59.742714497715575,48.319864417580206,52.47845175138289,31.328873953945777,49.120918930284226,25.549803480435788,24.574450544326634
118,52.38458051437146,36.47280564414473,36.12923363735,26.712256030186257,36.74050477636667,25.39632397940037,27.797611208319484
119,59.57137162541528,43.902901250626044,33.1618734827948,21.716493056353894,30.55911288888399,14.06621018611623,14.42926339846294
120,59.0917916427955,48.70440754068247,39.798230591600706,25.97834767006298,33.50554219661113,20.501056311538896,23.998641174496157
121,56.58160665406698,44.490147973081264,49.06000676722334,26.864710176901013,42.187583038930626,20.001536688186956,28.064127486090772
122,58.853964470449135,50.775942374317395,39.05599257476374,28.831777807751564,45.7780128397417,36.95095148376501,41.40950238371221
123,50.26664908156191,40.79772997633842,41.14408964710349,38.33391716222071,43.51770852959364,34.53491418678913,33.852721750088115
124,46.256997836963954,34.15747343635878,40.45399094307288,32.174206592997585,44.013123795320666,30.91829699205454,27.954271508224924
125,54.63757491771473,44.45293975530627,34.43623739931851,32.52071867628731,43.05500355617476,26.15839833059781,25.328968492397962
126,54.05665024356907,35.2207992527143,34.768992330331734,24.32493753788943,36.969569161676745,25.872034239051757,26.01799121121126
127,57.102653664742725,36.476217512236666,38.73672708023857,33.16715810188681,44.27194607072169,19.35265713596514,15.51182445390899
128,63.89836466347684,49.09708195560663,31.0826361691254,17.54291791261901,34.30672440725805,11.706029410331908,14.420863932357024
129,56.44295076643515,43.457394839339166,37.486730999114876,28.461613644033296,36.598558235112066,18.531245853662643,20.160172243532266
130,66.18946155208967,40.970968008524714,38.46387263682926,33.295798033185314,46.494096577474814,36.023430609658604,31.825891459976766
131,57.44961047058737,36.91284765799332,41.85825063499695,37.61642119104663,53.43598113630927,33.768371454167976,31.748328076714007
132,57.18243746019305,38.45871780956245,42.80691641416009,34.367382548314936,48.582321042627115,36.75282990767137,32.98292817841106
133,45.7549654670276,41.919642917531306,47.11010533373445,30.62071770695274,49.50424363515606,20.609247827128478,16.305217351783106
134,72.3078375811825,44.65708190819856,34.24392636496127,25.510457254493367,41.725550420442495,13.522500298884571,15.009974668717986
135,52.26028145627316,31.57477996580323,25.372161973750323,20.283493970878553,36.894242069581665,11.520514595952543,14.932304116318495
136,44.45400541383569,32.814757995958665,34.89586543640314,27.964805730695776,47.110895809780565,25.155966811518542,18.48767475614197
137,47.841158960320634,32.188820987348315,33.83058006695521,33.755451222317,46.625967366789176,25.49874682977359,32.00859392239667
138,44.42725512440408,37.206949806304856,34.725418178427546,31.516265044153524,48.55554356839415,22.206611768169907,18.37822750490978
139,61.52428739575579,51.05172101136477,38.44717731150392,28.96818619144496,42.75431466205747,21.882878847781125,28.78901653215839
140,64.95153798196176,52.71033761564762,42.345849395188665,20.925415883295816,37.599888328734885,13.6187494775891,15.97690127444409
141,69.13222073116285,56.58977215795173,37.802058998889926,28.344495450322153,44.41702748571392,29.764938152501205,28.346870579777704
142,47.43381894340319,25.030448089388166,21.87962636538588,29.72909707490103,42.20951043570894,24.645477872330975,19.35987829679377
143,46.26073724733175,25.59227822128299,32.37479466944754,32.36481427757963,44.27895815922803,20.838486746615953,21.17119070812976
144,48.47994586997345,30.987494217649942,28.653415192996146,32.39256311254174,46.95809914759705,27.528588786124793,25.226128960530854
145,53.542090591317866,31.932292530011406,31.374088239961477,34.04385613521998,43.858760636337585,28.328669380839063,26.0770555512355
146,57.602559847631774,28.155265434136236,34.13060829617115,35.09731506191828,49.64223878468371,16.86393556281174,15.490896667254471
147,50.390802494106,26.553083606240534,26.084800861804556,25.31686282346654,42.148761262936304,15.119998309817658,15.147236069843085
148,55.14506852536015,33.07458417308103,37.90894191788176,27.213811191296887,47.22814627952277,11.440399667649531,16.498446421809945
149,48.10079676979259,27.88110040072944,39.253818107287344,31.168253130745427,50.16874371779925,19.32185035135093,21.84274307153039
150,61.5229180324066,33.58828234998363,26.002772503886753,26.527940827654817,45.00486532834224,21.078080547230943,23.22903967020591
151,58.27934051807915,30.903432116118683,26.373193050267282,16.667993067219847,37.03688897422257,14.98525540508255,18.026506350988324
152,50.191732479894874,28.473659720676736,17.592647773051862,18.119088203696496,28.617774439828285,14.140419277140735,17.48715682690839
153,49.42270494980578,27.650539685309738,28.583141464856517,23.40044253142804,39.767288260020386,14.874647936076414,15.447307356156136
154,51.88421181395701,19.83282223711212,20.3704046324291,17.80228138938003,37.05292101845683,16.157151925179548,18.788240769753358
155,64.3847844905059,38.05477917277788,19.189818425983663,19.506712816076647,41.80424502766835,13.594529635114261,15.640095850800353
156,44.065954619814555,20.586747096129592,14.728130759423166,23.62125789528482,44.20958490971035,22.503809662662302,25.064512354234132
157,37.32119147198932,18.343456662617687,21.71920169394405,22.343679009211233,45.133702816065174,16.84054256515772,17.724198803393687
158,43.13282042585308,25.966130726176527,17.58785583545899,19.301618746162777,39.600945736462194,13.35287321973148,16.79530174053314
159,44.65879051952332,22.62072226963586,17.31609427671263,16.000239029464527,38.002205351210286,11.37435876580888,18.800985151493173
160,46.18701619021904,18.34320290704131,16.383307660203684,21.885732818436765,41.10718979556847,14.926193754604688,22.55034899951662
161,48.34794551650222,24.66145164691919,12.13810320162641,15.573823797213928,39.74230978720565,14.634628097616815,14.482881239587654
162,51.12830562961729,21.312667584222194,12.705768173899948,27.127686187526,51.067956641670676,20.56772148834728,22.730103145388497
163,37.00732482450828,14.32746525228924,19.320040743573326,20.303816513158306,33.825634626550446,15.957694639960446,21.762126900241668
164,40.35121134902066,17.140519906545034,12.879465413336586,10.6290476682219,33.28561427837691,11.135948874403713,15.892175587026744
165,41.32773713325659,16.38300881672499,16.073694368957828,17.768626458514518,33.11144594983568,12.559033862346084,12.691726438904993
166,45.56492369746224,26.177701879016556,16.001961949155554,18.859301698513537,40.667608071070795,13.303439989549904,16.289725105108428
167,52.13677478410885,35.6862270101817,29.711400161479357,29.006681837504647,52.695081423432896,22.02871194348161,23.665758611687618
168,44.75388814393673,27.069158998552002,30.972677823455232,19.801674396093098,36.97114343947482,18.16107921719778,17.274074292611648
169,63.30910673565585,38.82711584561604,25.626416309911313,29.69151839424107,45.10801884366016,20.872047764627432,21.699570308085722
170,62.0940387226414,40.71621971237833,22.921452496636324,22.996034257139982,41.025509686047776,22.112408957164497,23.32834855325645
171,58.5127280256185,38.27932430612293,23.605226325728992,14.154581920118067,27.00060239862972,13.234136348431994,19.681617901540058
172,52.66560836594935,30.322248020224354,12.615048284577522,10.981171036521255,27.11720781267046,16.27192165459671,24.23132995845576
173,49.36180337962633,28.36266039276915,20.66465851533859,25.46254579224595,32.73408805138086,27.30452122919491,32.690515212961834
174,68.56321602158276,43.93207552068938,24.871356950427046,15.744897106329054,32.440172290267235,16.869872886961012,19.59191676006544
175,61.57386656691294,41.364682031360466,23.229595129680778,28.269894597531763,34.17337219564704,23.612184531155382,22.826382272858456
176,53.640266989144145,37.976952848624734,26.99772024326005,27.694586484646337,32.90458848279708,30.184227308682633,31.485110415701083
177,59.42406256073563,41.00723849381825,28.13066484382399,21.397525516335346,33.74914617026958,21.13961015093073,27.549641104740367
178,38.31732984782038,14.56366298551142,12.660084675862162,17.988223088701364,27.215111694710274,19.93152299750323,34.599703725449565
179,29.76179368287843,11.26148679743882,14.57841631392869,25.668037472052017,22.952449097112826,29.127945613562698,28.575906984731038
180,30.3230661305145,11.511478715709039,12.22614818966119,14.512078494213783,21.386032627758606,14.213073074540294,20.74813245946622
181,41.473240262715045,17.837059302350138,20.469278359423313,16.42252370644929,24.570285405116664,12.917511714292687,14.361598259092045
182,27.83926776854752,12.097867507218877,24.234698897792537,22.961787232027234,27.02392820569701,21.276429326578484,26.94515470976801
183,14.655099336256836,22.189199877918593,28.40631425111912,17.431184877174076,25.559999915232137,17.33720141455618,24.91326421585274
184,16.869600169799195,8.7137136106765,21.701885724517123,26.179268481419083,23.472785246370364,29.739308599898557,36.08211132033897
185,38.620105686316066,12.252718161017713,16.203231231249323,16.9415073086455,27.910224468622403,28.157072685601083,30.3528365597389
186,43.26763783707171,19.277068403214795,15.29556099730318,21.83284359756089,27.098253836732727,23.238119028871502,26.538393914394202
187,25.33742388247076,10.554372137755154,22.179982669565415,30.65371437344729,28.919423040579492,45.26518666701817,40.98850088608863
188,37.273738649200304,13.519738343950635,12.886557375808328,30.75118425181197,20.517674776207517,37.13274243844643,40.181437317359475
189,34.41785619251857,12.111446784848713,11.056737493492376,16.040385382596707,20.563863020681044,23.05635060503336,30.541900328346742
190,26.354514690192186,9.071022115628546,14.673617705104474,15.965758721575234,19.868883041915904,34.75968060203597,42.48310641498179
191,30.76156042856084,11.472552893270482,18.009101217625123,37.05044164679042,32.78938938132273,36.235726471107064,29.67642779491269
192,37.40353487305711,14.887526803782194,20.44351684520058,26.08194347947765,32.78240498431369,35.173079914426985,28.94273384921795
193,25.691035317142575,13.147549856236418,16.018191033946373,25.565101883883298,24.463737917352063,38.097352290619305,30.0317010211247
194,21.31994132001514,14.070504772592761,18.767750661410886,20.228408033148714,25.975725454525595,24.60503139377979,25.95718236934732
195,12.41724966863972,5.561019690668245,16.860072162755813,28.065663776618972,31.099094813550796,33.15101853471305,25.602363495496967
196,15.119666604202035,16.69378130722136,26.0452399340498,42.606315453880256,41.349597231680775,47.40020871496477,36.484273021246956
197,32.667335130915646,14.075261418531452,29.239166892296293,43.93401803335947,38.061386354443556,48.30078608631081,39.10064391200398
198,34.12910063111668,17.09829915192996,30.4627083150676,38.545839752458654,27.846901754653665,39.42970102882119,27.216259415201705
199,32.00600017531435,28.63895885948991,27.92425064149241,30.966824786105104,23.684469334706797,38.66138421388108,30.940790092619736
200,46.67160235803638,35.08146754183594,31.954774153829064,34.74448291295884,30.52876400307676,41.81589816750987,36.82479091892067
201,26.23829052908914,20.710060668401937,27.75501635540662,39.74928979938579,21.180713134568652,37.07163789955275,29.82414477492281
202,49.68491432573428,30.136263198272534,22.91833963348034,28.191684079214248,31.941120699743077,32.477488162315346,22.03228744113713
203,38.661041366672414,12.99927346687755,20.588039235331653,30.697068915451847,25.861687957285387,34.38495023020003,20.401317887713912
204,30.168222899085205,14.823686379874905,22.68841502960389,34.40349636624484,22.444318075826864,33.54557656714551,23.58595876081078
205,18.76896757949142,7.496775373452244,20.6351375651662,31.659106081645596,32.96465854349001,34.84280231745623,27.404210309123428
206,12.23980553585537,7.006295613391023,19.51647914512816,34.958862537114804,33.847693801301546,39.359914713096394,24.37749810560733
207,25.170016121479843,12.26225555198644,22.980012996805144,40.09354470762373,28.015622871692305,43.50215411780075,32.9435099813133
208,22.36098184338067,11.078634492672023,22.4513922483415,30.032407466305838,27.910454474981236,32.21901774659736,24.019232592514967
209,30.04990086875865,20.509500153722797,27.765642165973556,28.668492158930622,19.021594103077224,37.53293581938698,30.468769768768514
210,34.21524099806336,12.81595196967002,12.142496155605278,26.570254858059265,26.68291052132224,27.5260356430457,29.375370681349143
211,8.313543601992002,5.608342555713074,8.584639900556244,16.281722881808303,22.8369390072799,39.602210286239774,39.98821563772118
212,13.3446210095637,17.754253515394243,23.582330129428122,25.481963913499463,23.938839359686778,41.76139929674558,35.90057997055511
213,22.668690059198394,10.414517650322983,20.303054274884083,42.21836697326046,35.71584629482487,48.087057003129466,41.51623977433408
214,36.17846683687226,19.522281002883748,29.209235565713342,37.94817707377026,30.63860266613563,35.55390830211998,27.22365977723544
215,22.853750200398668,11.689793748774564,25.190006574477557,33.69164867836934,24.348626016448822,37.485500724354154,32.85116900507499
216,33.01576869046399,7.946787331298665,14.74340553151363,19.219045403511128,19.062428561614773,24.926303957867482,28.013546423511286
217,36.33167806779949,17.280895797254136,27.71128873261261,33.94103272343571,30.09324479569017,40.81366842942039,30.179462569767544
218,41.612007488490896,14.801569045956658,28.389283862440458,34.91894468941211,22.43097720167854,26.91955508960395,25.588666521202967
219,48.31088278707673,39.81558985707315,28.84260326708084,39.21158244986068,33.64472950139772,40.893805594490715,32.23030991680554
220,51.48173850556676,43.024713762363746,28.592586236062427,44.45707319801128,33.91031484502744,47.18468731013861,35.48983705075143
221,46.72556086578547,31.31913018694272,34.73751047339013,45.31955138053921,41.11467784002313,38.667712142475324,29.00908150715719
222,48.395902518245855,32.99527038329383,28.50928110282685,43.58482067570466,36.91018427510518,40.493179255551446,37.02281859280241
223,48.03861248921423,30.37874458125834,29.113992733544624,39.40312413022884,29.987639914916056,45.5125792196204,37.048808481365356
224,41.46076526736518,12.880098002560212,23.51863934320086,36.53686869907345,26.271749432084313,38.47455734204965,28.6017204610725
225,25.53744144715102,11.578511154529137,18.315317766527798,29.319531457526548,35.692436617113536,41.16516878381528,31.837206781793324
226,18.369320618901504,16.904122393336156,21.640646501433363,40.87183039698614,34.00445269699576,42.05696396951798,35.54130437330003
227,36.21535005430095,19.657983057498267,34.26302137711865,37.27703258337797,31.828421235325717,41.30992815965135,37.3184643619393
228,23.213430700542492,14.363836693431027,26.588679840613874,18.836778236559805,29.740161699104608,29.805615511175073,28.352897198620735
229,42.10053300797456,23.444540954251064,37.69598899382031,41.22667020941124,38.41102670964275,40.38527294970558,30.904316456874863
230,42.694564110148214,19.365828579112108,24.174555163091075,40.342873154168544,39.87461285914468,43.715105622147995,36.69627951017499
231,18.27287164684911,11.560932992914829,19.028508871923957,23.59798206061978,25.494230711193378,37.24309774083425,38.861023245234634
232,6.927988236133204,8.262713066676232,16.075227926498858,31.85231861262222,39.6581319725924,35.00463018421039,28.742320056359784
233,27.54953990339746,17.95715821677312,20.078636363613498,19.020682427294766,17.967912090415208,22.99486049098798,27.131408377663615
234,12.357308629129381,6.957642959764142,14.250908544136172,46.22823110034241,42.089273461958875,52.343764951838665,40.83285488291124
235,32.46379159241193,9.89059315151973,29.25066131256219,40.05339365424886,34.338834646634254,45.08116711986158,40.22025883252812
236,33.854824642221324,28.60417456712685,39.21534863913477,44.739311766424535,46.69681500083515,40.90574824588295,31.38428485192337
237,45.657863702640405,27.48402667611377,29.786879492301455,31.92633521962011,34.84908623702428,31.044911008981092,27.095498332543897
238,22.509143349610916,11.715597978763185,22.949111781407915,31.793148605041026,29.01848508374542,35.039154663826515,29.71987454923426
239,14.299294481430424,5.832193641046795,6.8717411346923,31.327473106240515,25.409274599379383,35.41468842161399,30.434969114490663
240,14.857006760747232,14.03580652790886,9.288096468060616,14.837737458551047,15.160532169639254,15.593681786757951,16.448788891587128
241,31.592461646552476,24.93047111245371,9.77842411752641,9.5550257223911,12.279051180318818,15.177352722614927,21.48880675297413
242,34.65576753185856,20.081257917659332,18.968890836196923,26.625426955366475,27.309210910525334,31.456777372557838,28.33948584964488
243,24.623629232011186,12.420369653650944,8.461074143787343,12.495988729721764,15.774351224552966,20.033216164382814,23.364757734673823
244,15.262390682109185,9.79726141440669,7.22630688680063,8.161048843268995,13.428229406738629,16.06220095614407,13.621726881061084
245,23.413716115416907,21.781328660626333,16.114992756919115,8.105088662206118,17.37031291216904,8.210774418747329,10.31021777978849
246,28.900976348367347,9.485821167522731,15.74191547006484,30.962011033235914,33.44417873943919,14.511899412397938,12.896224357022746
247,40.44116035949293,24.471237686085455,9.303742401134427,23.52283803030578,32.296091087863175,19.71422795850753,15.170641676899788
248,29.31323272668658,12.943342415654813,11.773247810183902,9.973737541942619,24.55814256457972,7.894900604539338,12.210156614702186
249,50.74116926016673,35.59695049985165,21.046421667352387,8.168874422668848,22.108416939155898,8.391654088040887,14.372365551834378
250,39.030935225223025,25.01536590222542,13.632040183169781,26.687779685757963,30.72670168689694,35.044169519812186,35.008691633491374
251,21.93660877518573,12.610570297263413,16.500068312989896,27.910352081859042,32.32713613462638,25.64620145146039,28.723054472361085
252,37.98726904284294,28.77155640365826,17.17211963878918,23.56448123765936,25.420179088450357,25.428019289752005,21.767362227273505
253,38.893459255881176,25.420186643689302,18.50208481946471,15.171869305468665,10.376071730455392,17.09799475247187,18.47438358917558
254,35.92013824521776,31.047042530471217,16.31645863333503,16.24424256638504,32.66090402232546,14.911804436605104,15.611716739537504
255,41.865253182084054,30.75022555292165,24.929914293207403,20.995965435186715,30.85328594961789,21.047434829187353,32.74370846437526
256,47.66090897743722,38.13356145182351,22.58710229066334,10.280564862345303,18.896099083026517,14.262329905500478,13.718433847280897
257,53.80576964622123,35.049789584088636,19.376804862171333,8.10091177310033,11.754423701549793,16.465677622119156,15.118803744564799
258,33.354166424734544,25.96961017976375,20.950230537050313,12.394594449015084,21.670590936925453,19.08048735983672,18.773674419841797
259,43.86716721598918,30.20628018034219,19.64003237437929,19.434436815440094,30.217041933687387,23.45372904725861,18.536597689136183
260,46.72596368544296,31.728799649879956,11.987838768240643,16.67704149089067,23.469866770440394,18.60495897155738,20.259134622847707
261,26.351556523708844,16.12714123939998,16.616541908592176,13.130568782636782,19.655228097266022,15.786626900287754,23.21677220363665
262,27.59500519216395,17.57316437703302,13.401022995776604,13.631787528501983,18.95718862478178,11.592518085194243,12.06532307897306
263,25.986072799781724,10.998268070726205,17.200274251689514,22.362217202733326,32.99008456423771,18.717484069417257,18.835695674849802
264,29.60602990383322,18.791806964738647,9.650164327904243,11.872127226781597,13.195503800748021,12.624156671503512,15.417348093048371
265,40.904274388164154,40.0547092653702,28.054508073074853,11.826458021459059,20.737614030226975,19.71581070274988,17.47182801922379
266,52.67232896249541,51.546491667447384,38.617616043573804,20.664731008814673,32.40166364041616,24.57793663701925,21.0328027112149
267,48.63827736007471,44.60483695246016,28.761454199443165,22.501478825475747,29.630278397087142,23.30973340092551,22.82254556841157
268,43.60399717151323,35.74296282564661,28.21432986779748,15.992521241713781,23.65514146837615,18.278624662582125,12.442662402663938
269,40.67858098147804,26.450868005081084,18.316482392157678,19.26790786082738,23.35804777801433,20.25974108642282,18.185159651637807
270,34.079233402958664,21.291580401651732,21.361207352477894,15.33883491519338,26.534953643993592,15.892761556409537,16.45912789980752
271,21.133513429831986,20.405535471751012,22.550210063076772,21.153356027406677,30.004570261137808,21.39770523521935,22.843588755320873
272,25.613000130142243,22.262477412802816,20.055526874710182,18.050385357536147,26.626285308569305,18.043796006753492,18.55111014647551
273,31.090175305963708,26.811435909991012,26.26873935350195,21.348925333348486,27.444556005396283,24.885197286740567,24.56285531040722
274,23.29926733468959,12.374966796812924,14.181494126736668,15.323578886438016,18.026907940323234,18.690698577991494,19.320702253167603
275,22.982534404775002,15.342482708697007,17.07814361496394,18.283200209178066,24.127439522023234,18.68640913129706,16.40864802136023
276,22.251139548846083,12.170850335489662,14.504701571099858,17.21070160943153,27.638093832004166,20.57603812690869,20.355221129288235
277,21.34153868242244,10.884663093852135,13.677877499410824,12.764275272110918,20.383767288921078,15.96692408978288,20.00298546884106
278,22.387771615077924,10.2773085808818,22.1571620826214,18.32307861383804,29.553010730249166,15.823360367928595,17.78513622851022
279,29.575396834005268,24.369907739304683,15.828582655717753,13.462651220650743,23.963970724587547,12.873370986480406,13.515038705909138
280,28.34823725854337,18.191118150228025,18.844981707487953,16.194841016680453,23.269506323846997,14.590516630865254,12.583374039669259
281,16.280210826508224,16.456931413710016,23.688962786261644,19.294587623361004,28.588089330271014,17.963839322990566,21.81741018595521
282,17.57628609487479,15.609661523841218,17.705616422166415,14.228151422053706,21.54531905851787,14.614904603026174,14.466944655547234
283,29.28200584355898,21.72726182063037,25.20054029623616,15.276723761621428,26.124896223079368,13.655658883977573,11.589428847013988
284,29.837893573254945,28.192267554932307,21.792090450946237,10.772163921680521,25.312952251103916,11.385762185974006,11.732745823359318
285,34.577682102124136,31.18720527538319,28.15046899352754,20.357343749997334,30.898828724654848,11.734105774763293,12.95096044915417
286,29.806190872591102,24.101893058430083,23.712646546141197,21.458175380648434,24.917666655518843,17.759803977897203,15.360337268432618
287,29.583994313742622,26.398653814583465,24.350927632341964,17.352404201019393,28.999404149051063,17.207818946307196,23.844368552483555
288,31.771424309694815,17.073681422977685,7.8546990111369315,15.422410086912128,21.690563959678155,12.980138284659718,13.583328625766056
289,31.896410658393663,32.19778223038903,29.026452755298155,16.66831858813466,25.028257088516746,11.438080064222126,9.385856623428444
290,32.2357011126208,29.147561521792294,23.53176392311748,25.54816840575639,29.178109383958073,24.100752952737576,24.960163819352008
291,34.287818277373994,23.240197381548487,20.223909010541625,26.900814601461832,31.239054289284898,27.68481746774254,29.44569397872784
292,25.41153366529108,19.935430951504966,18.152016726034113,19.16946276416391,23.227106396526352,15.429844371649809,17.899696487184734
293,31.839511128296063,25.22002555510204,20.416714220352784,14.734757864767692,24.520771593805023,19.32778927692801,24.27025582660572
294,31.718482827665152,25.219438686589886,22.428099114478893,19.749862022021546,23.874700240119363,19.01425530723959,16.86256058056822
295,36.06387312810425,30.402318917404234,19.88771809992846,17.096382297628544,22.05345426206264,20.049566470791,21.898585213052765
296,28.57015712631315,26.48406182341875,21.267753005169325,15.57845519370333,17.392688502164738,10.274763089996554,8.339662536471259
297,31.456090632640425,19.60334802754083,16.38502008610982,19.876626219982327,22.739409415276274,19.186693540055305,19.800168506578142
298,29.39236518591558,24.712720844851457,21.1011329869591,22.857865274099613,30.135211307630748,17.755672987026493,17.63437463844094
299,30.01323693343026,28.95786990324622,22.009863044149597,12.681312480268838,18.67792849565735,13.162029124214346,13.700936095350889
300,40.76412935821557,38.04977961682418,27.14872012739377,16.232965570782877,23.004107797425124,13.180584294079427,11.970246915674807
301,37.50068670334215,34.29761131948145,25.605564041608005,22.448825876250684,30.30124034865019,19.832640349237973,18.54583649292267
302,37.20871155612173,31.76764999527385,21.64569636722788,15.328351368189166,16.558024184330957,13.006534293705354,15.391154371550202
303,28.462727145436283,22.325140646564556,21.624278559577945,15.118746141426179,19.23930672405382,14.480717201391188,12.564931714896026
304,26.81742924335258,22.832477962080443,22.25085135949234,15.475915370521887,23.39892387126667,15.453679173581934,15.745329042819863
305,28.59903980711396,23.47165885346269,24.91361220074056,24.102615508142122,28.94274820898818,18.09793493437549,16.854415474883726
306,27.417838078318443,23.55193915347288,20.91712302556608,20.026092726462863,21.152980457189063,22.4567150091014,26.07345172563251
307,34.43981033629541,30.231869514360724,27.5291352005269,21.64085530503204,28.139693791274034,21.37319389640522,22.440714932164408
308,32.45578382969668,32.91158749842776,28.181994204337872,25.045951626737782,32.420477890781726,20.053512657110446,22.358785071843435
309,32.56532613412956,29.745743942061132,29.576209397644813,23.125499432444695,27.70738487399263,19.667970872009704,21.278770508028263
310,30.943452412783905,24.172152087796313,23.127811783411087,18.196637873214076,21.00912001964861,19.579115120170496,20.30898470026396
311,28.012383206162394,24.866599946291192,21.776143368374484,18.3280480411854,23.983497310071822,16.208177346293102,18.830271990128615
312,32.13166896796161,29.08646108109789,26.897204359065526,20.06255545094448,24.16537053075928,15.136621140649437,12.952556178436577
313,30.081186643629753,28.49500619991744,30.923415694619216,16.21633448101019,20.46494320919449,16.921333415412498,17.94379214535087
314,33.41155253301867,30.343312431791844,23.85229220058781,11.259716598959713,15.81995510599052,10.105043740627748,11.661208056343618
315,30.635278808371677,35.836558124661224,27.540319573712686,13.789460548629965,19.72583519989289,13.102776787977255,14.183655025729045
316,29.787913285238506,30.565729518531047,26.66553277589297,23.036402342572696,28.777937322809564,22.528926603122684,23.955329189045923
317,27.874619630688336,29.36223137902764,27.69796817457916,17.995752894008696,21.100718810820958,14.329870546829406,16.408033750439312
318,24.452482557446437,27.75009232417074,29.134203007614413,22.258942375294176,24.396554483505795,17.927730537416668,16.151834092621044
319,22.472713765809416,21.106475562411326,20.429539509141062,21.554065777842375,24.455619897184278,19.530827381916573,22.749743637139204
320,26.327009747068164,28.818476819953936,26.83740727044995,23.116721787966004,27.302774673810884,19.805846207622636,16.13959899336618
321,22.211393082530115,28.155312127554183,27.85233583860906,22.54438195845894,26.111512786508566,20.293927980775162,22.830136272528517
322,24.234661194706693,22.120127438351005,20.288337780333034,15.411180515745343,19.176516382167943,13.628985223494162,14.761489555220669
323,24.517268700969844,26.964958610924825,22.36819628152634,17.950833682280297,23.997912059640154,15.611901517752411,17.647804537675498
324,24.8663989351092,29.024293971698185,24.540764411258444,22.20062625743297,22.854627676298342,19.585671701527115,19.853966883220092
325,24.681214946234356,29.822325499903965,27.6999359004473,21.670438310185503,28.48438415264679,17.499784408195815,17.049977517091722
326,26.794457347659716,30.78984667602834,26.70687869985725,18.65970609510117,21.208494797027807,18.481073309379696,19.72152896934943
327,27.380338152282437,29.525199461175916,25.592331577164973,14.018654829270252,17.808283465848135,19.024036678779705,21.490489692471467
328,22.833649486862342,28.09848711625276,28.160461612378132,23.72662037318702,26.879018767226025,19.327036241723377,18.16037384588275
329,25.67093214772953,28.603837941786768,26.12339718634534,20.533304439914737,25.34470000260848,19.06299220129586,23.963547678366265
330,23.38474707059188,27.270054834317197,24.0112343821711,25.755294592676577,27.3164092503633,24.87264061619156,29.945197136695484
331,26.633572164135664,31.901196921118803,25.54730307357967,20.025496814477954,23.048696470733436,17.504303775548077,18.853394318618953
332,25.826409284984926,27.213538381148123,25.97219912179602,23.35672641874284,25.24415458191372,18.493450083745866,19.72203054961634
333,22.49689763550126,27.478964360640184,25.65162173993857,19.5105477455999,23.04236124329854,16.391060517516518,16.25052264458661
334,26.39220085976579,27.39732498904876,23.15745865926474,21.78850407643647,25.629238652150573,18.974864511300794,19.123998073973276
335,25.004235205705093,26.910011810972264,23.366496385494628,15.212290192107462,16.363564145856355,12.422967636152357,11.878777813114166
336,24.92160723593529,23.45799472579776,24.198907066688403,19.363574107644027,21.607316003818912,16.00437530454997,16.079241002678646
337,20.27240257646395,24.483784531807988,21.72197599206849,14.708039921530448,17.08300139189702,12.749792678052978,12.827994127428239
338,23.411650508999905,21.171177369769076,18.948501259994156,15.645059230739054,17.71836067159964,15.719631904794152,15.017398609612785
339,18.154951699804165,21.013202434554223,18.211728333381455,12.66166269580035,16.935629598243132,13.806336451869562,15.390824918329315
340,22.777413327436655,27.038598328233583,22.32584573239425,19.666172053102304,20.930964093631445,14.073338232274528,13.94553653802296
341,21.029274632177774,25.017909265164427,21.87900278044378,20.07112447993109,20.790762489357835,13.56522459166166,12.1385661792853
342,19.857448879450754,21.710796689409833,22.44357318550977,20.393215061768842,24.5770331271562,19.32965489144134,21.53741944977521
343,17.777026576142845,19.116073635091027,18.951102237073176,13.787069239770364,15.584716216715515,15.666974922499305,17.091414625152854
344,20.18955240272112,24.4936404988905,20.48507832274236,17.21931850825952,20.152153334073258,16.44813580791317,19.427700498686576
345,22.447392959242876,26.838513239166005,25.35566250366967,20.85834216539965,23.900136503561836,18.322724230370934,18.048022495553358
346,19.77743235778261,23.32397698363925,22.724092278656347,20.998491556934912,22.62016323008204,19.25157436852027,20.220482302743314
347,20.795176441238056,22.76385037729777,23.644126705519636,20.181226207102043,24.02514803977976,18.328382313292742,19.697753591604187
348,17.822853942808,22.622622856090075,20.963094353861234,17.000383266921435,21.117387046381157,15.362681999645188,15.320280226621907
349,23.396003982161854,27.21225206899765,21.166596220355217,19.57872901617694,20.87769631023074,16.081186250467418,17.525285570664273
350,22.322341364650796,24.97995451690548,21.46519455614911,21.82675935634972,26.08194192028909,18.738967328952672,18.488691126079082
351,19.766919247964655,22.95804999462183,21.152652969938938,18.37777921537009,20.070580352014403,14.72471363237858,15.265854523521877
352,20.240639877895823,22.59338364556216,22.316452747294363,19.09722953729153,20.76531273274951,19.452183013739102,25.345718867076723
353,20.488365177989838,21.370301042958346,21.986350765872903,20.23772986006308,19.78361005142051,17.063967833485336,16.60875433485472
354,24.088782795225573,25.544870285223382,20.06140924760771,15.696118773619023,18.196382989179167,14.047329540600312,17.340418282793014
355,19.67232378805875,27.064693203918313,19.901760714960762,19.845454951253252,22.981199794614728,15.466587154968035,15.38547374419564
356,20.42085449294966,23.526144626776397,26.53283983837555,23.943481562490728,26.699630126443495,22.694392102210823,23.1522928646147
357,22.893707277085745,23.40427763370524,22.90122997424665,24.43784997135023,23.024975531414192,19.227455488325944,18.343825206925143
358,23.407923815095888,23.619924284853713,19.083379531239565,19.852478994378064,20.197140050567118,20.002202867573253,24.186472656333237
359,20.344093000180663,26.98621174888309,25.43638678918232,19.9926507719434,21.06738539122077,14.486750532814462,14.938284893372316
360,22.27231460555658,22.859547932246315,19.08406170662373,18.29489098081757,19.70226333585955,14.038920459446544,13.271365754887473
361,21.68036327340173,26.225935119436432,21.243380880222958,12.859323038169626,16.143849702664546,14.485232326599238,14.311360894990619
362,19.587955769355368,23.406070921878364,23.457218268347354,21.41658853682247,24.378606671059405,20.50615631137797,23.106843392284365
363,18.28302304203426,24.389553321498575,21.028319846234876,17.576954245703536,20.690351524858684,15.189239279466529,15.109272149540788
364,25.036070576048647,26.896474209250712,26.339108303475697,23.946452894368765,25.2394207540506,21.02446110816848,19.427259839948835
